name,artist
Glastonbury Festival 2022,Various Artists
Above & Beyond Sets,Above & Beyond
Coachella 2017,Various Artists
Essential Mix,Various Artists
Creamfields 2017,Various Artists
Cream Ibiza 2014,Various Artists
Radio 1 Dance Presents...,Various Artists
Coachella 2014,Various Artists
Coachella 2012,Various Artists
Coachella 2015,Various Artists
Coachella 2019,Various Artists
Coachella 2016,Various Artists
Ibiza Rocks 2015,Various Artists
Hackney Weekend 2012,Various Artists
Glastonbury 2017,Various Artists
Ushuaia 2015,Various Artists
Sonar Festival 2012,Various Artists
Ushuaia 2012,Various Artists
Ushuaia 2014,Various Artists
Glastonbury 2014,Various Artists
Radio 1's Dance Weekend,Various Artists
Drumsheds,Various Artists
Coachella 2002,Various Artists
Becky Hill Sets,Becky Hill
Radio 1's Dance Party,Various Artists
Ben Hemsley Sets,Ben Hemsley
Coachella 2013,Various Artists
Benny Benassi Sets,Benny Benassi
Miami WMC 2017,Various Artists
Coachella 2022,Various Artists
Radio 1 Big Weekend 2022,Various Artists
Carl Cox Sets,Carl Cox
BBC Radio 1's Big Weekend 2024,Various Artists
Chase & Status Sets,Chase & Status
BBC Radio 1's Big Weekend 2025,Various Artists
DJ Seinfeld Sets,DJ Seinfeld
DJ Sneak Sets,DJ Sneak
Coachella 2006,Various Artists
Danny Howard Sets,Danny Howard
Tomorrowland 2024,Various Artists
Daði Freyr Sets,Daði Freyr
Coachella 2011,Various Artists
Coachella 2024,Various Artists
EDC Las Vegas 2024,Various Artists
Dom Dolla Sets,Various Artists
Dubtendo Sets,Dubtendo
Eric Prydz Sets,Eric Prydz
Europe's Biggest Dance Show 2025,Various Artists
Europe's Biggest Dance Show,Various Artists
FISHER Sets,FISHER
Tomorrowland 2025,Various Artists
A State of Trance 2025,Various Artists
Bonobo Sets,Bonobo
CamelPhat Sets,CamelPhat
Chris Lake Sets,Chris Lake
Coachella 2025,Various Artists
Boiler Room,Various Artists
Claptone Sets,Claptone
Classical House,Various Artists
Creamfields 2025,Various Artists
D.O.D Sets,D.O.D
DJs from Mars Sets,DJs from Mars
David Guetta Sets,David Guetta
SOUNDSTORM 2024,Various Artists
Coachella 2008,Various Artists
Glastonbury 2020,Various Artists
Franky Wah Sets,Franky Wah
Glastonbury Festival 2015,Various Artists
Fun Radio,Various Artists
Gorgon City Sets,Gorgon City
EDC Las Vegas 2025,Various Artists
ANTS 2025 Ushuaia,Various Artists
ARC Festival 2024,Various Artists
Hannah Laing Sets,Hannah Laing
Creamfields 2024,Various Artists
Hot Since 82 Sets,Hot Since 82
James Hype Sets,James Hype
James Hype & MEDUZA Sets,James Hype & MEDUZA
Ultra Europe 2025,Various Artists
EDC Las Vegas 2017,Various Artists
"Radio 1 Residency, KETTAMA",KETTAMA
KREAM,Various Artists
MEDUZA Sets,MEDUZA
MIKA Sets,MIKA
Creamfields 2015,Various Artists
Marco Faraone & Eats Everything Sets,Marco Faraone & Eats Everything
Massano Sets,Massano
Matt Tolfrey Sets,Matt Tolfrey
Max Dean Sets,Max Dean
CRSSD 2025,Various Artists
Michael Canitrot Sets,Michael Canitrot
Oliver Heldens Sets,Oliver Heldens
POSITIV Electronic Festival 2025,Various Artists
Patrick Topping Sets,Patrick Topping
Glastonbury Festival 2017,Various Artists
Glastonbury Festival 2020,Various Artists
Pete Tong Sets,Pete Tong
Pete Tong Hot Mix,Pete Tong
Glastonbury Festival 2014,Various Artists
Prospa Sets,Prospa
Prospa & DJ Seinfeld Sets,Prospa & DJ Seinfeld
Purple Disco Machine Sets,Purple Disco Machine
Creamfields 2012,Various Artists
Radio 1 Sets,Radio 1
Ricardo Villalobos & Raresh Sets,Ricardo Villalobos & Raresh
Coachella 2010,Various Artists
Riordan Sets,Riordan
Barry Can't Swim Sets,Barry Can't Swim
Confidence Man Sets,Confidence Man
Eats Everything Sets,Eats Everything
Ella Knight Sets,Ella Knight
Faithless Sets,Faithless
Honey Dijon Sets,Honey Dijon
Rüfüs Du Sol Sets,Rüfüs Du Sol
Lollapalooza Chicago 2025,Various Artists
Burning Man 2024,Various Artists
SG Lewis Sets,SG Lewis
"The Residency, SG Lewis",SG Lewis
Switch Disco Sets,Switch Disco
Sander Kleinenberg Sets,Sander Kleinenberg
Schak Sets,Schak
Sebastian Ingrosso & Alesso Sets,Sebastian Ingrosso & Alesso
Sonny Fodera Sets,Sonny Fodera
Steps Sets,Steps
Sub Focus Sets,Sub Focus
Sven Vath & Richie Hawtin Sets,Sven Vath & Richie Hawtin
Swedish House Mafia Sets,Swedish House Mafia
Coachella 2009,Various Artists
Vintage Culture Sets,Vintage Culture
DJS from Mars Sets,DJs from Mars
Unknown Album,Unknown Artist
Ewan McVicar Sets,Ewan McVicar
Creamfields 2019,Various Artists
Soundstorm 2024,Various Artists
Glastonbury 2025,Various Artists
Kappa FuturFestival 2025,Various Artists
Tomorrowland Brasil 2025,Various Artists
John Summit Sets,John Summit
Sub Focus & Dimension Sets,Various Artists
MK Sets,MK
EDC Orlando 2025,Various Artists
Rise Festival 2024,Various Artists
Mint Festival,Various Artists
Ultra Music Festival 2025,Various Artists
MK & Sonny Fodera Sets,MK & Sonny Fodera
Out 2 Lunch Festival,Various Artists
AMF 2025,Various Artists
Bicep Sets,Bicep
ARTBAT Sets,ARTBAT
